sample_id,pair_id,condition,piece,source,target,rule_variant,rule_text,board_size,correct_answer,canonical_answer,prompt_style,model_output,parsed_answer,is_correct,latency_sec,output_tokens
0_canon,0,canonical,knight,a1,f3,standard,Use the standard knight movement rules from chess.,6,NO,NO,plain,"user

Final Answer: NO

Reasoning:
The given coordinates do not form a valid move sequence for an attacker capturing a target on a 6x6 board. The knight's first move is to move to c4, which is not possible as it would block the target's king. Additionally, the second",NO,True,11.727711083367469,64
0_canon,0,canonical,knight,a1,f3,standard,Use the standard knight movement rules from chess.,6,NO,NO,reinforced,"user

No",NO,True,1.010304156690836,5
0_counter,0,counterfactual,knight,a1,f3,knight_as_bishop,The knight glides like a bishop across any number of diagonal squares.,6,NO,NO,plain,"user

Final Answer: NO

Reasoning:
The variant rule states that the knight can glide like a bishop across any number of diagonal squares. However, it does not specify how many squares the knight must move diagonally from its starting square to reach the target square. In this case, the knight moves only two",NO,True,11.408904509618878,64
0_counter,0,counterfactual,knight,a1,f3,knight_as_bishop,The knight glides like a bishop across any number of diagonal squares.,6,NO,NO,reinforced,"user

No",NO,True,1.0541895478963852,5
1_canon,1,canonical,rook,b6,a6,standard,Use the standard rook movement rules from chess.,6,YES,YES,plain,"user

Final Answer: NO

Reasoning:
The given coordinates do not allow for an attacker to move directly to the target's position without first capturing it. The standard rook movement rules only allow for capturing at the end of the last move, which is not possible here as the target has already been captured by",NO,False,11.78939799591899,64
1_canon,1,canonical,rook,b6,a6,standard,Use the standard rook movement rules from chess.,6,YES,YES,reinforced,"user

No",NO,False,1.011716779321432,5
1_counter,1,counterfactual,rook,b6,a6,rook_as_knight,"The rook behaves like a knight, leaping in the usual L-shape.",6,NO,YES,plain,"user

Final Answer: NO

Reasoning:
The variant rule states that the rook should behave like a knight, jumping in the usual L-shape. However, since there is only one attacker piece and one target, it's impossible for the rook to jump in the usual L-shape without being blocked",NO,True,11.422558447346091,64
1_counter,1,counterfactual,rook,b6,a6,rook_as_knight,"The rook behaves like a knight, leaping in the usual L-shape.",6,NO,YES,reinforced,"user

No",NO,True,1.017637025564909,5
2_canon,2,canonical,knight,d1,a1,standard,Use the standard knight movement rules from chess.,6,NO,NO,plain,"user

Final Answer: NO

Reasoning:
The given coordinates do not form a valid move sequence for the variant rule. The first move is an attack on the opponent's king, which is not allowed by the variant rule. Therefore, the attacker cannot capture the target using only the variant rule.",NO,True,11.001910828053951,62
2_canon,2,canonical,knight,d1,a1,standard,Use the standard knight movement rules from chess.,6,NO,NO,reinforced,"user

No",NO,True,1.004300832748413,5
2_counter,2,counterfactual,knight,d1,a1,knight_as_bishop,The knight glides like a bishop across any number of diagonal squares.,6,NO,NO,plain,"user

Final Answer: NO

Reasoning:
The variant rule states that the knight can glide like a bishop across any number of diagonal squares. However, it does not specify how many squares the knight must move diagonally from its starting square to reach the target square. In this case, the knight is already moving",NO,True,11.52767994813621,64
2_counter,2,counterfactual,knight,d1,a1,knight_as_bishop,The knight glides like a bishop across any number of diagonal squares.,6,NO,NO,reinforced,"user

No",NO,True,1.0177298560738564,5
3_canon,3,canonical,rook,e5,a5,standard,Use the standard rook movement rules from chess.,6,YES,YES,plain,"user

No, the attacker cannot capture the target using only the variant rule as it is not possible for an attacker to move their rooks into the same file as the target's file without capturing it. The game would be lost if the target were captured by the attacker's rook.",NO,False,10.921845762059093,60
3_canon,3,canonical,rook,e5,a5,standard,Use the standard rook movement rules from chess.,6,YES,YES,reinforced,"user

No",NO,False,1.0633055064827204,5
3_counter,3,counterfactual,rook,e5,a5,rook_as_knight,"The rook behaves like a knight, leaping in the usual L-shape.",6,NO,YES,plain,"user

Final Answer: NO

Reasoning:
The variant rule states that the rook should behave like a knight, jumping in the usual L-shape. However, since there is only one attacker piece and one target, it's impossible for the rook to jump in the usual L-shape without being blocked",NO,True,11.453640593215823,64
3_counter,3,counterfactual,rook,e5,a5,rook_as_knight,"The rook behaves like a knight, leaping in the usual L-shape.",6,NO,YES,reinforced,"user

No",NO,True,1.0928926095366478,5
4_canon,4,canonical,knight,f6,e4,standard,Use the standard knight movement rules from chess.,6,YES,YES,plain,"user

Final Answer: NO

Reasoning:
The given coordinates do not allow for any valid move by the attacker that would result in capturing the target. The standard knight moves only allow for the following sequence of moves: (f5), (e5), (d5), (c5), (b5",NO,False,11.267027989029884,64
4_canon,4,canonical,knight,f6,e4,standard,Use the standard knight movement rules from chess.,6,YES,YES,reinforced,"user

No",NO,False,1.0123659651726484,5
4_counter,4,counterfactual,knight,f6,e4,knight_as_bishop,The knight glides like a bishop across any number of diagonal squares.,6,NO,YES,plain,"user

Final Answer: NO

Reasoning:
The variant rule states that the knight can glide like a bishop across any number of diagonal squares. However, it does not specify how many squares the knight must move diagonally from its starting square to reach the target square. In this case, the knight is already moving",NO,True,11.513820493593812,64
4_counter,4,counterfactual,knight,f6,e4,knight_as_bishop,The knight glides like a bishop across any number of diagonal squares.,6,NO,YES,reinforced,"user

No",NO,True,1.011747431010008,5
5_canon,5,canonical,bishop,e3,a2,standard,Use the standard bishop movement rules from chess.,6,NO,NO,plain,"user

Final Answer: NO

Reasoning:
The given coordinates do not allow for any valid move by the attacker that would result in capturing the target. The bishop's only allowed moves are to move diagonally up or down, which is not possible here due to the position of the target. Therefore, the attacker",NO,True,11.391652408987284,64
5_canon,5,canonical,bishop,e3,a2,standard,Use the standard bishop movement rules from chess.,6,NO,NO,reinforced,"user

No",NO,True,1.0051710195839405,5
5_counter,5,counterfactual,bishop,e3,a2,bishop_short_king,"The bishop now moves like a king, one square in any direction.",6,NO,NO,plain,"user

Final Answer: NO

Reasoning:
The given coordinates do not allow for capturing the target piece on a2, as it is already occupied by an opponent piece on e3. Therefore, the attacker cannot capture the target using only the variant rule provided.",NO,True,10.174566138535738,55
5_counter,5,counterfactual,bishop,e3,a2,bishop_short_king,"The bishop now moves like a king, one square in any direction.",6,NO,NO,reinforced,"user

No",NO,True,1.027554700151086,5
6_canon,6,canonical,bishop,c2,b3,standard,Use the standard bishop movement rules from chess.,6,YES,YES,plain,"user

Final Answer: NO

Reasoning:
The given coordinates do not allow for any valid move by the attacker that would result in capturing the target. The bishop's movement is restricted to the file a-b and rank 1-6, which means it cannot be moved past the target's file and rank boundaries",NO,False,11.613207455724478,64
6_canon,6,canonical,bishop,c2,b3,standard,Use the standard bishop movement rules from chess.,6,YES,YES,reinforced,"user

No",NO,False,1.0514728166162968,5
6_counter,6,counterfactual,bishop,c2,b3,bishop_as_rook,The bishop is constrained to straight files and ranks like a rook.,6,NO,YES,plain,"user

Final Answer: NO

Reasoning:
The given coordinates do not allow for any movement of the bishop that would allow it to directly attack the target. The bishop's only allowed moves are to move diagonally from its current position to the next file and rank, which means it cannot move up or down vertically",NO,True,10.715967886149883,64
6_counter,6,counterfactual,bishop,c2,b3,bishop_as_rook,The bishop is constrained to straight files and ranks like a rook.,6,NO,YES,reinforced,"user

No",NO,True,1.0223107039928436,5
7_canon,7,canonical,rook,d1,c3,standard,Use the standard rook movement rules from chess.,6,NO,NO,plain,"user

Final Answer: NO

Reasoning:
The given coordinates do not allow for an attacker to move directly to the target's position without first capturing it. The standard rook movement rules only allow for captures at the end of the last move, which is not possible here as the target has already been captured by",NO,True,12.26642015017569,64
7_canon,7,canonical,rook,d1,c3,standard,Use the standard rook movement rules from chess.,6,NO,NO,reinforced,"user

No",NO,True,1.0167120918631554,5
7_counter,7,counterfactual,rook,d1,c3,rook_diagonal_only,The rook may only move exactly two squares diagonally in any direction.,6,NO,NO,plain,"user

Final Answer: NO

Reasoning:
The variant rule states that the rook must only move exactly two squares diagonally in any direction. In this case, the rook is moving from d1 to c3, which means it cannot move diagonally. Therefore, the attacker cannot capture the target using",NO,True,11.407940492033958,64
7_counter,7,counterfactual,rook,d1,c3,rook_diagonal_only,The rook may only move exactly two squares diagonally in any direction.,6,NO,NO,reinforced,"user

No",NO,True,1.1205403599888086,5
8_canon,8,canonical,rook,f4,e1,standard,Use the standard rook movement rules from chess.,6,NO,NO,plain,"user

Final Answer: NO

Reasoning:
The given coordinates do not allow for an attacker to move directly onto the target's file and rank without blocking the path of the target. The standard rook movement rules only allow for direct moves from any position to any other position, which is not possible here due to",NO,True,11.004735067486765,64
8_canon,8,canonical,rook,f4,e1,standard,Use the standard rook movement rules from chess.,6,NO,NO,reinforced,"user

No",NO,True,1.0168132688850164,5
8_counter,8,counterfactual,rook,f4,e1,rook_diagonal_only,The rook may only move exactly two squares diagonally in any direction.,6,NO,NO,plain,"user

Final Answer: NO

Reasoning:
The variant rule states that the rook must only move exactly two squares diagonally in any direction. In this case, the rook is moving from f4 to e1, which means it cannot move diagonally. Therefore, the attacker cannot capture the target using",NO,True,11.55550909228623,64
8_counter,8,counterfactual,rook,f4,e1,rook_diagonal_only,The rook may only move exactly two squares diagonally in any direction.,6,NO,NO,reinforced,"user

No",NO,True,1.021558489650488,5
9_canon,9,canonical,rook,e3,f5,standard,Use the standard rook movement rules from chess.,6,NO,NO,plain,"user

Final Answer: NO

Reasoning:
The given coordinates do not allow for an attacker to move directly onto the target's file and rank without blocking the path of the target. The standard rook movement rules require that the rook must first move diagonally to the left or right before moving up or down",NO,True,11.814677212387323,64
9_canon,9,canonical,rook,e3,f5,standard,Use the standard rook movement rules from chess.,6,NO,NO,reinforced,"user

No",NO,True,1.0432806871831417,5
9_counter,9,counterfactual,rook,e3,f5,rook_diagonal_only,The rook may only move exactly two squares diagonally in any direction.,6,NO,NO,plain,"user

Final Answer: NO

Reasoning:
The variant rule states that the rook must only move exactly two squares diagonally in any direction. In this case, the rook is moving from e3 to f5, which means it will be facing the target piece on f5. However, the target",NO,True,11.831987911835313,64
9_counter,9,counterfactual,rook,e3,f5,rook_diagonal_only,The rook may only move exactly two squares diagonally in any direction.,6,NO,NO,reinforced,"user

No",NO,True,1.02717986702919,5
10_canon,10,canonical,knight,b6,a1,standard,Use the standard knight movement rules from chess.,6,NO,NO,plain,"user

Final Answer: NO

Reasoning:
The given coordinates do not allow for any valid move by the attacker that would result in capturing the target. The only possible moves are either the knight's diagonal (b5-b4) or the knight's side (a3-a4), which are both illegal moves",NO,True,11.47018058039248,64
10_canon,10,canonical,knight,b6,a1,standard,Use the standard knight movement rules from chess.,6,NO,NO,reinforced,"user

No",NO,True,1.0763858743011951,5
10_counter,10,counterfactual,knight,b6,a1,knight_as_rook,The knight becomes a rook that can only move horizontally or vertically.,6,NO,NO,plain,"user

Final Answer: NO

Reasoning:
The given coordinates do not allow for any movement other than moving horizontally or vertically. Therefore, the attacker cannot capture the target using the variant rule specified in the question.",NO,True,8.460270108655095,45
10_counter,10,counterfactual,knight,b6,a1,knight_as_rook,The knight becomes a rook that can only move horizontally or vertically.,6,NO,NO,reinforced,"user

No",NO,True,1.1417336333543062,5
11_canon,11,canonical,rook,c1,b1,standard,Use the standard rook movement rules from chess.,6,YES,YES,plain,"user

Final Answer: NO

Reasoning:
The given coordinates do not allow for an attacker to move directly to the target's position without blocking it. The standard rook movement rules only allow for direct moves from any file to any rank, which is not possible here due to the restrictions of the game state.",NO,False,11.738781977444887,64
11_canon,11,canonical,rook,c1,b1,standard,Use the standard rook movement rules from chess.,6,YES,YES,reinforced,"user

No",NO,False,1.1437534093856812,5
11_counter,11,counterfactual,rook,c1,b1,rook_diagonal_only,The rook may only move exactly two squares diagonally in any direction.,6,NO,YES,plain,"user

Final Answer: NO

Reasoning:
The variant rule states that the rook must only move exactly two squares diagonally in any direction. However, in this case, the rook is moving directly from c1 to b1, which does not meet the requirement of moving exactly two squares diagonally.",NO,True,11.642126454040408,64
11_counter,11,counterfactual,rook,c1,b1,rook_diagonal_only,The rook may only move exactly two squares diagonally in any direction.,6,NO,YES,reinforced,"user

No",NO,True,1.1112390533089638,5
